Designator,Footprint,Quantity,Value,LCSC Part #
BOOT1,Tactile 3x4x2mm TS-A010,1,UBOOT,
"C1, C3",C_0603_1608Metric,2,10u,
"C10, C11, C7, C8, C9",C_0603_1608Metric,5,0.1uF,
"C12, C13, C14, C4, C5",C_0603_1608Metric,5,100n,
C15,C_0603_1608Metric,1,1u,
"C16, C17",C_0603_1608Metric,2,18pf,
"C18, C19, C20, C21, C22, C23, C24, C25, C26, C27, C28, C29, C30, C31, C32, C33, C34, C35, C36, C37, C40, C43, C46, C49, C52, C55, C58, C61, C64, C67, C70, C73, C76, C79, C82, C85, C88, C91, C94, C97",C_0603_1608Metric,40,10uf,
C2,C_0805_2012Metric,1,2.2uF,
"C38, C39, C44, C45, C50, C51, C56, C57, C62, C63, C68, C69, C74, C75, C80, C81, C86, C87, C92, C93",C_0603_1608Metric,20,1uf,
"C41, C47, C53, C59, C65, C71, C77, C83, C89, C95",C_0603_1608Metric,10,330pF,
"C42, C48, C54, C60, C66, C72, C78, C84, C90, C96",C_0603_1608Metric,10,150nF,
C6,CAPPM7344X310N,1,TAJD107K016RNJ,
D1,D_SMA,1,SS34,
"D10, D100, D101, D102, D103, D104, D105, D106, D107, D108, D109, D11, D110, D111, D112, D113, D114, D115, D116, D117, D118, D119, D12, D120, D121, D122, D123, D124, D125, D126, D127, D128, D129, D13, D130, D131, D132, D133, D134, D135, D136, D137, D138, D139, D14, D140, D141, D142, D143, D144, D145, D146, D147, D148, D149, D15, D150, D151, D152, D153, D154, D155, D156, D157, D158, D159, D16, D160, D161, D162, D17, D18, D19, D20, D21, D22, D23, D24, D25, D26, D27, D28, D29, D3, D30, D31, D32, D33, D34, D35, D36, D37, D38, D39, D4, D40, D41, D42, D43, D44, D45, D46, D47, D48, D49, D5, D50, D51, D52, D53, D54, D55, D56, D57, D58, D59, D6, D60, D61, D62, D63, D64, D65, D66, D67, D68, D69, D7, D70, D71, D72, D73, D74, D75, D76, D77, D78, D79, D8, D80, D81, D82, D83, D84, D85, D86, D87, D88, D89, D9, D90, D91, D92, D93, D94, D95, D96, D97, D98, D99",LED_0603_1608Metric,160,LED_Small_Filled,
D2,LED_0603_1608Metric,1,POW_LED,
"H1, H2, H3, H4",MountingHole_3.2mm_M3_Pad_Via,4,MountingHole,
"IC1, IC10, IC11, IC12, IC13, IC14, IC15, IC16, IC17, IC18, IC19, IC2, IC20, IC3, IC4, IC5, IC6, IC7, IC8, IC9",74HC595DQ100118,20,74HC595D,
"IC21, IC22, IC23, IC24, IC25, IC26, IC27, IC28, IC29, IC30",QFN50P600X600X100-41N-D,10,DAC71416RHAT,
J1,USB_C_Receptacle_HRO_TYPE-C-31-M-12,1,USB_C_Receptacle_USB2.0,
"J10, J11, J12, J13, J14, J15, J16, J17, J18, J19, J20, J21, J22, J23, J4, J5, J6, J7, J8, J9",IDC-Header_2x08_P2.54mm_Horizontal1,20,02x8 IDC,
J2,BarrelJack_Kycon_KLDX-0202-xC_Horizontal,1,KLDX-0202-B,
J3,PinSocket_2x03_P2.54mm_Vertical,1,Conn_02x03_Odd_Even,
"Q1, Q2, Q3, Q4, Q5, Q6, Q7, Q8",SOT-23,8,BSS138,
R1,R_0603_1608Metric,1,470R,
"R10, R11, R12, R13, R14, R15, R16, R17, R18, R19, R20, R21, R22, R25, R3, R30, R35, R4, R40, R45, R50, R55, R6, R60, R65, R70, R75, R77, R78, R9",R_0603_1608Metric,30,10K,
R2,R_0603_1608Metric,1,TX,
"R23, R24, R7, R8",R_0603_1608Metric,4,1K,
"R26, R27, R28, R29, R31, R32, R33, R34, R36, R37, R38, R39, R41, R42, R43, R44, R46, R47, R48, R49, R5, R51, R52, R53, R54, R56, R57, R58, R59, R61, R62, R63, R64, R66, R67, R68, R69, R71, R72, R73, R74, R76",R_0603_1608Metric,42,0R,
"RN1, RN10, RN11, RN12, RN13, RN14, RN15, RN16, RN17, RN18, RN19, RN2, RN20, RN3, RN4, RN5, RN6, RN7, RN8, RN9",742C163331JP,20,R_Pack08,
RST1,Tactile 3x4x2mm TS-A010,1,RST,
"RX1, TX1",D_0603_1608Metric,2,LED,
"TP1, TP2, TP3",TestPoint_Pad_D1.0mm,3,TestPoint,
U1,SOT-223-3_TabPin2,1,AMS1117-3.3,
U2,SOT-223-3_TabPin2,1,AMS1117-5.0,
U3,ESSOP-10_3.9x4.9mm_P1.00mm,1,ch340k,
U4,SOT-363_SC-70-6,1,DDC114TU-7-F,
U5,ESP32-WROOM-32,1,ESP32-WROOM-32D,
U6,TQFP-32_7x7mm_P0.8mm,1,ATmega328P-A,
V_SEL1,SolderJumper-3_P2.0mm_Open_TrianglePad1.0x1.5mm,1,Jumper_3_Open,
Y1,CSTCE16M0V53R0,1,CSTCE16M0V53-R0,
